{
  "version": 1,
  "plugins": {
    "gyroid": {
      "N": 220,
      "BOUNDS": 1.5,
      "ISO": 0.6
    },
    "lorenz": {
      "N": 220,
      "BOUNDS": 2.600000000000001,
      "ISO": 0.11000000000000001
    },
    "golden_lattice": {
      "N": 215,
      "BOUNDS": 2.4,
      "ISO": 0.36
    },
    "gyroid_twist_tunnel": {
      "N": 220,
      "BOUNDS": 1.5,
      "ISO": 0.7000000000000001
    },
    "wave_lattice": {
      "N": 256,
      "BOUNDS": 2.0000000000000004,
      "ISO": 0.31000000000000005
    },
    "fibo_nested_cubes": {
      "N": 210,
      "BOUNDS": 1.0,
      "ISO": 0.2
    },
    "galaxy_swirl": {
      "N": 200,
      "BOUNDS": 1.0,
      "ISO": 0.39999999999999997
    },
    "rossler_attractor": {
      "N": 220,
      "BOUNDS": 1.5,
      "ISO": 0.01
    },
    "quat_julia": {
      "N": 220,
      "BOUNDS": 0.9999999999999997,
      "ISO": 0.060000000000000026
    },
    "heart_implicit": {
      "N": 170,
      "BOUNDS": 0.6000000000000001,
      "ISO": 0.38999999999999985
    },
    "hopf_fibration_rings": {
      "N": 200,
      "BOUNDS": 3.100000000000002,
      "ISO": 0.1399999999999998
    },
    "klein_bottle_field": {
      "N": 200,
      "BOUNDS": 4.000000000000003,
      "ISO": 0.01
    },
    "dancing_eggs": {
      "N": 170,
      "BOUNDS": 2.0,
      "ISO": 0.55
    },
    "mandelbox_like": {
      "N": 210,
      "BOUNDS": 1.5,
      "ISO": 0.15000000000000002
    },
    "mandelbulb_de": {
      "N": 210,
      "BOUNDS": 1.9000000000000004,
      "ISO": 0.2
    },
    "metaballs": {
      "N": 210,
      "BOUNDS": 1.9000000000000004,
      "ISO": 0.5499999999999999
    },
    "phyllotaxis": {
      "N": 210,
      "BOUNDS": 1.2999999999999998,
      "ISO": 0.3
    },
    "phyllotaxis_shell": {
      "N": 210,
      "BOUNDS": 1.2999999999999998,
      "ISO": 0.3
    },
    "diamond_tpms": {
      "N": 220,
      "BOUNDS": 2.1000000000000005,
      "ISO": 0.45999999999999996
    },
    "sierpinski_cube": {
      "N": 220,
      "BOUNDS": 2.1000000000000005,
      "ISO": 0.45999999999999996
    },
    "sierpinski_cube_octree": {
      "N": 220,
      "BOUNDS": 2.1000000000000005,
      "ISO": 0.56
    },
    "sierpinski_tetra": {
      "N": 220,
      "BOUNDS": 2.1000000000000005,
      "ISO": 0.56
    },
    "superformula_3d": {
      "N": 220,
      "BOUNDS": 1.6,
      "ISO": 0.21000000000000008
    },
    "superquadric": {
      "N": 220,
      "BOUNDS": 3.1000000000000014,
      "ISO": 0.010000000000000078
    },
    "torus": {
      "N": 220,
      "BOUNDS": 3.1000000000000014,
      "ISO": 0.010000000000000078
    },
    "tpms_schwarz_p": {
      "N": 220,
      "BOUNDS": 3.1000000000000014,
      "ISO": 0.21000000000000008
    },
    "trefoil_knot": {
      "N": 220,
      "BOUNDS": 3.1000000000000014,
      "ISO": 0.21000000000000008
    },
    "twisted_ribbon": {
      "N": 220,
      "BOUNDS": 2.3000000000000007,
      "ISO": 0.21000000000000008
    }
  }
}